Workbook

Sheet Setup
A1: Game Setup
A3: Nassau buy-in ($ per player) | B3: 15 | D3: Course | E3: Palmer Hills
A4: Skins buy-in ($ per player) | B4: 10 | D4: Tees | E4: Black
A5: # Players | B5: 12
A6: # Teams | B6: 3
A8: Team | B8: Player | D8: Hole | E8: Par | F8: HCP | G8: Yards
A9: Team A | B9: Player A1 | D9: 1 | E9: 4 | F9: 7 | G9: 410
A10: Team A | B10: Player A2 | D10: 2 | E10: 4 | F10: 11 | G10: 380
A11: Team A | B11: Player A3 | D11: 3 | E11: 3 | F11: 17 | G11: 185
A12: Team A | B12: Player A4 | D12: 4 | E12: 5 | F12: 3 | G12: 520
A13: Team B | B13: Player B1 | D13: 5 | E13: 4 | F13: 1 | G13: 440
A14: Team B | B14: Player B2 | D14: 6 | E14: 4 | F14: 13 | G14: 365
A15: Team B | B15: Player B3 | D15: 7 | E15: 3 | F15: 15 | G15: 170
A16: Team B | B16: Player B4 | D16: 8 | E16: 4 | F16: 9 | G16: 405
A17: Team C | B17: Player C1 | D17: 9 | E17: 5 | F17: 5 | G17: 545
A18: Team C | B18: Player C2 | D18: 10 | E18: 4 | F18: 8 | G18: 395
A19: Team C | B19: Player C3 | D19: 11 | E19: 5 | F19: 2 | G19: 530
A20: Team C | B20: Player C4 | D20: 12 | E20: 3 | F20: 18 | G20: 180
D21: 13 | E21: 4 | F21: 10 | G21: 410
D22: 14 | E22: 4 | F22: 12 | G22: 360
D23: 15 | E23: 3 | F23: 16 | G23: 165
D24: 16 | E24: 4 | F24: 6 | G24: 425
D25: 17 | E25: 5 | F25: 4 | G25: 515
D26: 18 | E26: 4 | F26: 14 | G26: 390

Sheet Scorecard
A1: Scorecard (Gross) — Palmer Hills Black Tees
A3: Hole | B3: Par | C3: HCP | D3: Yards | E3: Player A1 | F3: Player A2 | G3: Player A3 | H3: Player A4 | I3: Player B1 | J3: Player B2 | K3: Player B3 | L3: Player B4 | M3: Player C1 | N3: Player C2 | O3: Player C3 | P3: Player C4
A4: 1 | B4: 4 | C4: 7 | D4: 410 | E4: 4 | F4: 3 | G4: 4 | H4: 4 | I4: 4 | J4: 4 | K4: 4 | L4: 6 | M4: 4 | N4: 5 | O4: 3 | P4: 3
A5: 2 | B5: 4 | C5: 11 | D5: 380 | E5: 4 | F5: 4 | G5: 4 | H5: 6 | I5: 3 | J5: 6 | K5: 4 | L5: 6 | M5: 5 | N5: 4 | O5: 6 | P5: 4
A6: 3 | B6: 3 | C6: 17 | D6: 185 | E6: 5 | F6: 5 | G6: 2 | H6: 5 | I6: 5 | J6: 3 | K6: 4 | L6: 3 | M6: 3 | N6: 3 | O6: 3 | P6: 3
A7: 4 | B7: 5 | C7: 3 | D7: 520 | E7: 6 | F7: 5 | G7: 5 | H7: 7 | I7: 5 | J7: 6 | K7: 6 | L7: 6 | M7: 4 | N7: 7 | O7: 8 | P7: 5
A8: 5 | B8: 4 | C8: 1 | D8: 440 | E8: 5 | F8: 4 | G8: 6 | H8: 4 | I8: 5 | J8: 4 | K8: 4 | L8: 3 | M8: 4 | N8: 4 | O8: 4 | P8: 4
A9: 6 | B9: 4 | C9: 13 | D9: 365 | E9: 4 | F9: 5 | G9: 4 | H9: 6 | I9: 5 | J9: 4 | K9: 5 | L9: 5 | M9: 4 | N9: 4 | O9: 4 | P9: 4
A10: 7 | B10: 3 | C10: 15 | D10: 170 | E10: 4 | F10: 4 | G10: 3 | H10: 3 | I10: 3 | J10: 3 | K10: 3 | L10: 4 | M10: 4 | N10: 4 | O10: 3 | P10: 4
A11: 8 | B11: 4 | C11: 9 | D11: 405 | E11: 5 | F11: 3 | G11: 4 | H11: 3 | I11: 5 | J11: 5 | K11: 4 | L11: 4 | M11: 4 | N11: 5 | O11: 4 | P11: 6
A12: 9 | B12: 5 | C12: 5 | D12: 545 | E12: 7 | F12: 7 | G12: 5 | H12: 6 | I12: 5 | J12: 5 | K12: 8 | L12: 8 | M12: 6 | N12: 7 | O12: 7 | P12: 6
A13: 10 | B13: 4 | C13: 8 | D13: 395 | E13: 4 | F13: 4 | G13: 6 | H13: 6 | I13: 4 | J13: 3 | K13: 4 | L13: 4 | M13: 4 | N13: 5 | O13: 4 | P13: 5
A14: 11 | B14: 5 | C14: 2 | D14: 530 | E14: 7 | F14: 7 | G14: 8 | H14: 6 | I14: 8 | J14: 4 | K14: 5 | L14: 8 | M14: 6 | N14: 6 | O14: 5 | P14: 6
A15: 12 | B15: 3 | C15: 18 | D15: 180 | E15: 3 | F15: 3 | G15: 3 | H15: 2 | I15: 4 | J15: 4 | K15: 3 | L15: 4 | M15: 5 | N15: 3 | O15: 4 | P15: 2
... A21: 18 | B21: 4 | C21: 14 | D21: 390 | E21: 6 | F21: 4 | G21: 4 | H21: 6 | I21: 4 | J21: 6 | K21: 4 | L21: 6 | M21: 4 | N21: 6 | O21: 5 | P21: 4
A23: Player Totals
A24: Player | B24: OUT | C24: IN | D24: TOTAL | E24: To Par
A25: Player A1 | B25: =SUM(E4:E12) | C25: =SUM(E13:E21) | D25: =B25+C25 | E25: =D25-72
A26: Player A2 | B26: =SUM(F4:F12) | C26: =SUM(F13:F21) | D26: =B26+C26 | E26: =D26-72
A27: Player A3 | B27: =SUM(G4:G12) | C27: =SUM(G13:G21) | D27: =B27+C27 | E27: =D27-72
A28: Player A4 | B28: =SUM(H4:H12) | C28: =SUM(H13:H21) | D28: =B28+C28 | E28: =D28-72
A29: Player B1 | B29: =SUM(I4:I12) | C29: =SUM(I13:I21) | D29: =B29+C29 | E29: =D29-72
A30: Player B2 | B30: =SUM(J4:J12) | C30: =SUM(J13:J21) | D30: =B30+C30 | E30: =D30-72
A31: Player B3 | B31: =SUM(K4:K12) | C31: =SUM(K13:K21) | D31: =B31+C31 | E31: =D31-72
A32: Player B4 | B32: =SUM(L4:L12) | C32: =SUM(L13:L21) | D32: =B32+C32 | E32: =D32-72
A33: Player C1 | B33: =SUM(M4:M12) | C33: =SUM(M13:M21) | D33: =B33+C33 | E33: =D33-72
A34: Player C2 | B34: =SUM(N4:N12) | C34: =SUM(N13:N21) | D34: =B34+C34 | E34: =D34-72
A35: Player C3 | B35: =SUM(O4:O12) | C35: =SUM(O13:O21) | D35: =B35+C35 | E35: =D35-72
A36: Player C4 | B36: =SUM(P4:P12) | C36: =SUM(P13:P21) | D36: =B36+C36 | E36: =D36-72

Sheet Team Best 2
A1: Team Scoring — Best 2 of 4 (Gross)
A3: Hole | B3: Par | C3: Team A Best2 | D3: Team A ToPar | E3: Team A Disp | F3: Team B Best2 | G3: Team B ToPar | H3: Team B Disp | I3: Team C Best2 | J3: Team C ToPar | K3: Team C Disp | M3: Helper | N3: Player A1 | O3: Player A2 | P3: Player A3 | Q3: Player A4 | R3: Player B1 | S3: Player B2 | T3: Player B3 | U3: Player B4 | V3: Player C1 | W3: Player C2 | X3: Player C3 | Y3: Player C4
A4: 1 | B4: 4 | C4: =SMALL(N4:Q4,1)+SMALL(N4:Q4,2) | D4: =C4-(B4*2) | E4: =IF(D4=0,"E",D4) | F4: =SMALL(R4:U4,1)+SMALL(R4:U4,2) | G4: =F4-(B4*2) | H4: =IF(G4=0,"E",G4) | I4: =SMALL(V4:Y4,1)+SMALL(V4:Y4,2) | J4: =I4-(B4*2) | K4: =IF(J4=0,"E",J4) | N4: =Scorecard!E4 | O4: =Scorecard!F4 | P4: =Scorecard!G4 | Q4: =Scorecard!H4 | R4: =Scorecard!I4 | S4: =Scorecard!J4 | T4: =Scorecard!K4 | U4: =Scorecard!L4 | ... Y4: =Scorecard!P4
A5: 2 | B5: 4 | C5: =SMALL(N5:Q5,1)+SMALL(N5:Q5,2) | D5: =C5-(B5*2) | E5: =IF(D5=0,"E",D5) | F5: =SMALL(R5:U5,1)+SMALL(R5:U5,2) | G5: =F5-(B5*2) | H5: =IF(G5=0,"E",G5) | I5: =SMALL(V5:Y5,1)+SMALL(V5:Y5,2) | J5: =I5-(B5*2) | K5: =IF(J5=0,"E",J5) | N5: =Scorecard!E5 | O5: =Scorecard!F5 | P5: =Scorecard!G5 | Q5: =Scorecard!H5 | R5: =Scorecard!I5 | S5: =Scorecard!J5 | T5: =Scorecard!K5 | U5: =Scorecard!L5 | ... Y5: =Scorecard!P5
A6: 3 | B6: 3 | C6: =SMALL(N6:Q6,1)+SMALL(N6:Q6,2) | D6: =C6-(B6*2) | E6: =IF(D6=0,"E",D6) | F6: =SMALL(R6:U6,1)+SMALL(R6:U6,2) | G6: =F6-(B6*2) | H6: =IF(G6=0,"E",G6) | I6: =SMALL(V6:Y6,1)+SMALL(V6:Y6,2) | J6: =I6-(B6*2) | K6: =IF(J6=0,"E",J6) | N6: =Scorecard!E6 | O6: =Scorecard!F6 | P6: =Scorecard!G6 | Q6: =Scorecard!H6 | R6: =Scorecard!I6 | S6: =Scorecard!J6 | T6: =Scorecard!K6 | U6: =Scorecard!L6 | ... Y6: =Scorecard!P6
A7: 4 | B7: 5 | C7: =SMALL(N7:Q7,1)+SMALL(N7:Q7,2) | D7: =C7-(B7*2) | E7: =IF(D7=0,"E",D7) | F7: =SMALL(R7:U7,1)+SMALL(R7:U7,2) | G7: =F7-(B7*2) | H7: =IF(G7=0,"E",G7) | I7: =SMALL(V7:Y7,1)+SMALL(V7:Y7,2) | J7: =I7-(B7*2) | K7: =IF(J7=0,"E",J7) | N7: =Scorecard!E7 | O7: =Scorecard!F7 | P7: =Scorecard!G7 | Q7: =Scorecard!H7 | R7: =Scorecard!I7 | S7: =Scorecard!J7 | T7: =Scorecard!K7 | U7: =Scorecard!L7 | ... Y7: =Scorecard!P7
A8: 5 | B8: 4 | C8: =SMALL(N8:Q8,1)+SMALL(N8:Q8,2) | D8: =C8-(B8*2) | E8: =IF(D8=0,"E",D8) | F8: =SMALL(R8:U8,1)+SMALL(R8:U8,2) | G8: =F8-(B8*2) | H8: =IF(G8=0,"E",G8) | I8: =SMALL(V8:Y8,1)+SMALL(V8:Y8,2) | J8: =I8-(B8*2) | K8: =IF(J8=0,"E",J8) | N8: =Scorecard!E8 | O8: =Scorecard!F8 | P8: =Scorecard!G8 | Q8: =Scorecard!H8 | R8: =Scorecard!I8 | S8: =Scorecard!J8 | T8: =Scorecard!K8 | U8: =Scorecard!L8 | ... Y8: =Scorecard!P8
A9: 6 | B9: 4 | C9: =SMALL(N9:Q9,1)+SMALL(N9:Q9,2) | D9: =C9-(B9*2) | E9: =IF(D9=0,"E",D9) | F9: =SMALL(R9:U9,1)+SMALL(R9:U9,2) | G9: =F9-(B9*2) | H9: =IF(G9=0,"E",G9) | I9: =SMALL(V9:Y9,1)+SMALL(V9:Y9,2) | J9: =I9-(B9*2) | K9: =IF(J9=0,"E",J9) | N9: =Scorecard!E9 | O9: =Scorecard!F9 | P9: =Scorecard!G9 | Q9: =Scorecard!H9 | R9: =Scorecard!I9 | S9: =Scorecard!J9 | T9: =Scorecard!K9 | U9: =Scorecard!L9 | ... Y9: =Scorecard!P9
A10: 7 | B10: 3 | C10: =SMALL(N10:Q10,1)+SMALL(N10:Q10,2) | D10: =C10-(B10*2) | E10: =IF(D10=0,"E",D10) | F10: =SMALL(R10:U10,1)+SMALL(R10:U10,2) | G10: =F10-(B10*2) | H10: =IF(G10=0,"E",G10) | I10: =SMALL(V10:Y10,1)+SMALL(V10:Y10,2) | J10: =I10-(B10*2) | K10: =IF(J10=0,"E",J10) | N10: =Scorecard!E10 | O10: =Scorecard!F10 | P10: =Scorecard!G10 | Q10: =Scorecard!H10 | R10: =Scorecard!I10 | S10: =Scorecard!J10 | T10: =Scorecard!K10 | U10: =Scorecard!L10 | ... Y10: =Scorecard!P10
A11: 8 | B11: 4 | C11: =SMALL(N11:Q11,1)+SMALL(N11:Q11,2) | D11: =C11-(B11*2) | E11: =IF(D11=0,"E",D11) | F11: =SMALL(R11:U11,1)+SMALL(R11:U11,2) | G11: =F11-(B11*2) | H11: =IF(G11=0,"E",G11) | I11: =SMALL(V11:Y11,1)+SMALL(V11:Y11,2) | J11: =I11-(B11*2) | K11: =IF(J11=0,"E",J11) | N11: =Scorecard!E11 | O11: =Scorecard!F11 | P11: =Scorecard!G11 | Q11: =Scorecard!H11 | R11: =Scorecard!I11 | S11: =Scorecard!J11 | T11: =Scorecard!K11 | U11: =Scorecard!L11 | ... Y11: =Scorecard!P11
A12: 9 | B12: 5 | C12: =SMALL(N12:Q12,1)+SMALL(N12:Q12,2) | D12: =C12-(B12*2) | E12: =IF(D12=0,"E",D12) | F12: =SMALL(R12:U12,1)+SMALL(R12:U12,2) | G12: =F12-(B12*2) | H12: =IF(G12=0,"E",G12) | I12: =SMALL(V12:Y12,1)+SMALL(V12:Y12,2) | J12: =I12-(B12*2) | K12: =IF(J12=0,"E",J12) | N12: =Scorecard!E12 | O12: =Scorecard!F12 | P12: =Scorecard!G12 | Q12: =Scorecard!H12 | R12: =Scorecard!I12 | S12: =Scorecard!J12 | T12: =Scorecard!K12 | U12: =Scorecard!L12 | ... Y12: =Scorecard!P12
A13: 10 | B13: 4 | C13: =SMALL(N13:Q13,1)+SMALL(N13:Q13,2) | D13: =C13-(B13*2) | E13: =IF(D13=0,"E",D13) | F13: =SMALL(R13:U13,1)+SMALL(R13:U13,2) | G13: =F13-(B13*2) | H13: =IF(G13=0,"E",G13) | I13: =SMALL(V13:Y13,1)+SMALL(V13:Y13,2) | J13: =I13-(B13*2) | K13: =IF(J13=0,"E",J13) | N13: =Scorecard!E13 | O13: =Scorecard!F13 | P13: =Scorecard!G13 | Q13: =Scorecard!H13 | R13: =Scorecard!I13 | S13: =Scorecard!J13 | T13: =Scorecard!K13 | U13: =Scorecard!L13 | ... Y13: =Scorecard!P13
A14: 11 | B14: 5 | C14: =SMALL(N14:Q14,1)+SMALL(N14:Q14,2) | D14: =C14-(B14*2) | E14: =IF(D14=0,"E",D14) | F14: =SMALL(R14:U14,1)+SMALL(R14:U14,2) | G14: =F14-(B14*2) | H14: =IF(G14=0,"E",G14) | I14: =SMALL(V14:Y14,1)+SMALL(V14:Y14,2) | J14: =I14-(B14*2) | K14: =IF(J14=0,"E",J14) | N14: =Scorecard!E14 | O14: =Scorecard!F14 | P14: =Scorecard!G14 | Q14: =Scorecard!H14 | R14: =Scorecard!I14 | S14: =Scorecard!J14 | T14: =Scorecard!K14 | U14: =Scorecard!L14 | ... Y14: =Scorecard!P14
A15: 12 | B15: 3 | C15: =SMALL(N15:Q15,1)+SMALL(N15:Q15,2) | D15: =C15-(B15*2) | E15: =IF(D15=0,"E",D15) | F15: =SMALL(R15:U15,1)+SMALL(R15:U15,2) | G15: =F15-(B15*2) | H15: =IF(G15=0,"E",G15) | I15: =SMALL(V15:Y15,1)+SMALL(V15:Y15,2) | J15: =I15-(B15*2) | K15: =IF(J15=0,"E",J15) | N15: =Scorecard!E15 | O15: =Scorecard!F15 | P15: =Scorecard!G15 | Q15: =Scorecard!H15 | R15: =Scorecard!I15 | S15: =Scorecard!J15 | T15: =Scorecard!K15 | U15: =Scorecard!L15 | ... Y15: =Scorecard!P15
... A21: 18 | B21: 4 | C21: =SMALL(N21:Q21,1)+SMALL(N21:Q21,2) | D21: =C21-(B21*2) | E21: =IF(D21=0,"E",D21) | F21: =SMALL(R21:U21,1)+SMALL(R21:U21,2) | G21: =F21-(B21*2) | H21: =IF(G21=0,"E",G21) | I21: =SMALL(V21:Y21,1)+SMALL(V21:Y21,2) | J21: =I21-(B21*2) | K21: =IF(J21=0,"E",J21) | N21: =Scorecard!E21 | O21: =Scorecard!F21 | P21: =Scorecard!G21 | Q21: =Scorecard!H21 | R21: =Scorecard!I21 | S21: =Scorecard!J21 | T21: =Scorecard!K21 | U21: =Scorecard!L21 | ... Y21: =Scorecard!P21
C22: Team A | F22: Team B | I22: Team C
A23: Front 9 Total To Par | D23: =SUM(D4:D12) | E23: =IF(D23=0,"E",D23) | G23: =SUM(G4:G12) | H23: =IF(G23=0,"E",G23) | J23: =SUM(J4:J12) | K23: =IF(J23=0,"E",J23)
A24: Back 9 Total To Par | D24: =SUM(D13:D21) | E24: =IF(D24=0,"E",D24) | G24: =SUM(G13:G21) | H24: =IF(G24=0,"E",G24) | J24: =SUM(J13:J21) | K24: =IF(J24=0,"E",J24)
A25: Total 18 To Par | D25: =D23+D24 | E25: =IF(D25=0,"E",D25) | G25: =G23+G24 | H25: =IF(G25=0,"E",G25) | J25: =J23+J24 | K25: =IF(J25=0,"E",J25)

Sheet Nassau
A1: Nassau — 3 Teams vs Field
A3: Segment | B3: Team A To Par | C3: Team B To Par | D3: Team C To Par | E3: Low | F3: Tie Ct | G3: Winner(s) | H3: Pot | I3: Team A Net | J3: Team B Net | K3: Team C Net
A4: Front 9 | B4: ='Team Best 2'!D23 | C4: ='Team Best 2'!G23 | D4: ='Team Best 2'!J23 | E4: =MIN(B4:D4) | F4: =COUNTIF(B4:D4,E4) | G4: =IF(F4=3,"Push",IF(F4=1,IF(L4=1,"Team A",IF(M4=1,"Team B","Team C")),IF(AND(L4=1,M4=1),"Team A & Team B",IF(AND(L4=1,N4=1),"Team A & Team C","Team B & Team C")))) | H4: =Setup!B5*(Setup!B3/3) | I4: =IF(F4=3,0,IF(L4=1,(H4/F4)-(Setup!B5/Setup!B6)*(Setup!B3/3),-(Setup!B5/Setup!B6)*(Setup!B3/3))) | J4: =IF(F4=3,0,IF(M4=1,(H4/F4)-(Setup!B5/Setup!B6)*(Setup!B3/3),-(Setup!B5/Setup!B6)*(Setup!B3/3))) | K4: =IF(F4=3,0,IF(N4=1,(H4/F4)-(Setup!B5/Setup!B6)*(Setup!B3/3),-(Setup!B5/Setup!B6)*(Setup!B3/3))) | L4: =IF(B4=E4,1,0) | M4: =IF(C4=E4,1,0) | N4: =IF(D4=E4,1,0)
A5: Back 9 | B5: ='Team Best 2'!D24 | C5: ='Team Best 2'!G24 | D5: ='Team Best 2'!J24 | E5: =MIN(B5:D5) | F5: =COUNTIF(B5:D5,E5) | G5: =IF(F5=3,"Push",IF(F5=1,IF(L5=1,"Team A",IF(M5=1,"Team B","Team C")),IF(AND(L5=1,M5=1),"Team A & Team B",IF(AND(L5=1,N5=1),"Team A & Team C","Team B & Team C")))) | H5: =Setup!B5*(Setup!B3/3) | I5: =IF(F5=3,0,IF(L5=1,(H5/F5)-(Setup!B5/Setup!B6)*(Setup!B3/3),-(Setup!B5/Setup!B6)*(Setup!B3/3))) | J5: =IF(F5=3,0,IF(M5=1,(H5/F5)-(Setup!B5/Setup!B6)*(Setup!B3/3),-(Setup!B5/Setup!B6)*(Setup!B3/3))) | K5: =IF(F5=3,0,IF(N5=1,(H5/F5)-(Setup!B5/Setup!B6)*(Setup!B3/3),-(Setup!B5/Setup!B6)*(Setup!B3/3))) | L5: =IF(B5=E5,1,0) | M5: =IF(C5=E5,1,0) | N5: =IF(D5=E5,1,0)
A6: Total 18 | B6: ='Team Best 2'!D25 | C6: ='Team Best 2'!G25 | D6: ='Team Best 2'!J25 | E6: =MIN(B6:D6) | F6: =COUNTIF(B6:D6,E6) | G6: =IF(F6=3,"Push",IF(F6=1,IF(L6=1,"Team A",IF(M6=1,"Team B","Team C")),IF(AND(L6=1,M6=1),"Team A & Team B",IF(AND(L6=1,N6=1),"Team A & Team C","Team B & Team C")))) | H6: =Setup!B5*(Setup!B3/3) | I6: =IF(F6=3,0,IF(L6=1,(H6/F6)-(Setup!B5/Setup!B6)*(Setup!B3/3),-(Setup!B5/Setup!B6)*(Setup!B3/3))) | J6: =IF(F6=3,0,IF(M6=1,(H6/F6)-(Setup!B5/Setup!B6)*(Setup!B3/3),-(Setup!B5/Setup!B6)*(Setup!B3/3))) | K6: =IF(F6=3,0,IF(N6=1,(H6/F6)-(Setup!B5/Setup!B6)*(Setup!B3/3),-(Setup!B5/Setup!B6)*(Setup!B3/3))) | L6: =IF(B6=E6,1,0) | M6: =IF(C6=E6,1,0) | N6: =IF(D6=E6,1,0)
A8: Net Total | I8: =SUM(I4:I6) | J8: =SUM(J4:J6) | K8: =SUM(K4:K6)

Sheet Skins
A1: Skins (Gross) — 12 Players
A3: Buy-in per player | B3: =Setup!B4
A4: Players | B4: =Setup!B5
A5: Pot | B5: =B3*B4
A6: Total Skins | B6: =SUM(F10:F27)
A7: Value per Skin | B7: =IF(B6=0,0,B5/B6)
A9: Hole | B9: Par | C9: Low Score | D9: Low Count | E9: Winner | F9: Skin? | H9: Names
A10: 1 | B10: 4 | C10: =MIN(Scorecard!E4:P4) | D10: =COUNTIF(Scorecard!E4:P4,C10) | E10: =IF(D10=1,INDEX(H10:H21,MATCH(C10,Scorecard!E4:P4,0)),"") | F10: =IF(D10=1,1,0) | H10: Player A1
A11: 2 | B11: 4 | C11: =MIN(Scorecard!E5:P5) | D11: =COUNTIF(Scorecard!E5:P5,C11) | E11: =IF(D11=1,INDEX(H10:H21,MATCH(C11,Scorecard!E5:P5,0)),"") | F11: =IF(D11=1,1,0) | H11: Player A2
A12: 3 | B12: 3 | C12: =MIN(Scorecard!E6:P6) | D12: =COUNTIF(Scorecard!E6:P6,C12) | E12: =IF(D12=1,INDEX(H10:H21,MATCH(C12,Scorecard!E6:P6,0)),"") | F12: =IF(D12=1,1,0) | H12: Player A3
A13: 4 | B13: 5 | C13: =MIN(Scorecard!E7:P7) | D13: =COUNTIF(Scorecard!E7:P7,C13) | E13: =IF(D13=1,INDEX(H10:H21,MATCH(C13,Scorecard!E7:P7,0)),"") | F13: =IF(D13=1,1,0) | H13: Player A4
A14: 5 | B14: 4 | C14: =MIN(Scorecard!E8:P8) | D14: =COUNTIF(Scorecard!E8:P8,C14) | E14: =IF(D14=1,INDEX(H10:H21,MATCH(C14,Scorecard!E8:P8,0)),"") | F14: =IF(D14=1,1,0) | H14: Player B1
A15: 6 | B15: 4 | C15: =MIN(Scorecard!E9:P9) | D15: =COUNTIF(Scorecard!E9:P9,C15) | E15: =IF(D15=1,INDEX(H10:H21,MATCH(C15,Scorecard!E9:P9,0)),"") | F15: =IF(D15=1,1,0) | H15: Player B2
A16: 7 | B16: 3 | C16: =MIN(Scorecard!E10:P10) | D16: =COUNTIF(Scorecard!E10:P10,C16) | E16: =IF(D16=1,INDEX(H10:H21,MATCH(C16,Scorecard!E10:P10,0)),"") | F16: =IF(D16=1,1,0) | H16: Player B3
A17: 8 | B17: 4 | C17: =MIN(Scorecard!E11:P11) | D17: =COUNTIF(Scorecard!E11:P11,C17) | E17: =IF(D17=1,INDEX(H10:H21,MATCH(C17,Scorecard!E11:P11,0)),"") | F17: =IF(D17=1,1,0) | H17: Player B4
A18: 9 | B18: 5 | C18: =MIN(Scorecard!E12:P12) | D18: =COUNTIF(Scorecard!E12:P12,C18) | E18: =IF(D18=1,INDEX(H10:H21,MATCH(C18,Scorecard!E12:P12,0)),"") | F18: =IF(D18=1,1,0) | H18: Player C1
A19: 10 | B19: 4 | C19: =MIN(Scorecard!E13:P13) | D19: =COUNTIF(Scorecard!E13:P13,C19) | E19: =IF(D19=1,INDEX(H10:H21,MATCH(C19,Scorecard!E13:P13,0)),"") | F19: =IF(D19=1,1,0) | H19: Player C2
A20: 11 | B20: 5 | C20: =MIN(Scorecard!E14:P14) | D20: =COUNTIF(Scorecard!E14:P14,C20) | E20: =IF(D20=1,INDEX(H10:H21,MATCH(C20,Scorecard!E14:P14,0)),"") | F20: =IF(D20=1,1,0) | H20: Player C3
A21: 12 | B21: 3 | C21: =MIN(Scorecard!E15:P15) | D21: =COUNTIF(Scorecard!E15:P15,C21) | E21: =IF(D21=1,INDEX(H10:H21,MATCH(C21,Scorecard!E15:P15,0)),"") | F21: =IF(D21=1,1,0) | H21: Player C4
A22: 13 | B22: 4 | C22: =MIN(Scorecard!E16:P16) | D22: =COUNTIF(Scorecard!E16:P16,C22) | E22: =IF(D22=1,INDEX(H10:H21,MATCH(C22,Scorecard!E16:P16,0)),"") | F22: =IF(D22=1,1,0)
A23: 14 | B23: 4 | C23: =MIN(Scorecard!E17:P17) | D23: =COUNTIF(Scorecard!E17:P17,C23) | E23: =IF(D23=1,INDEX(H10:H21,MATCH(C23,Scorecard!E17:P17,0)),"") | F23: =IF(D23=1,1,0)
A24: 15 | B24: 3 | C24: =MIN(Scorecard!E18:P18) | D24: =COUNTIF(Scorecard!E18:P18,C24) | E24: =IF(D24=1,INDEX(H10:H21,MATCH(C24,Scorecard!E18:P18,0)),"") | F24: =IF(D24=1,1,0)
A25: 16 | B25: 4 | C25: =MIN(Scorecard!E19:P19) | D25: =COUNTIF(Scorecard!E19:P19,C25) | E25: =IF(D25=1,INDEX(H10:H21,MATCH(C25,Scorecard!E19:P19,0)),"") | F25: =IF(D25=1,1,0)
A26: 17 | B26: 5 | C26: =MIN(Scorecard!E20:P20) | D26: =COUNTIF(Scorecard!E20:P20,C26) | E26: =IF(D26=1,INDEX(H10:H21,MATCH(C26,Scorecard!E20:P20,0)),"") | F26: =IF(D26=1,1,0)
A27: 18 | B27: 4 | C27: =MIN(Scorecard!E21:P21) | D27: =COUNTIF(Scorecard!E21:P21,C27) | E27: =IF(D27=1,INDEX(H10:H21,MATCH(C27,Scorecard!E21:P21,0)),"") | F27: =IF(D27=1,1,0)
A29: Player | B29: Skins Won | C29: Winnings | D29: Net (after buy-in)
A30: Player A1 | B30: =COUNTIF($E$10:$E$27,A30) | C30: =B30*$B$7 | D30: =C30-$B$3
A31: Player A2 | B31: =COUNTIF($E$10:$E$27,A31) | C31: =B31*$B$7 | D31: =C31-$B$3
A32: Player A3 | B32: =COUNTIF($E$10:$E$27,A32) | C32: =B32*$B$7 | D32: =C32-$B$3
A33: Player A4 | B33: =COUNTIF($E$10:$E$27,A33) | C33: =B33*$B$7 | D33: =C33-$B$3
A34: Player B1 | B34: =COUNTIF($E$10:$E$27,A34) | C34: =B34*$B$7 | D34: =C34-$B$3
A35: Player B2 | B35: =COUNTIF($E$10:$E$27,A35) | C35: =B35*$B$7 | D35: =C35-$B$3
A36: Player B3 | B36: =COUNTIF($E$10:$E$27,A36) | C36: =B36*$B$7 | D36: =C36-$B$3
A37: Player B4 | B37: =COUNTIF($E$10:$E$27,A37) | C37: =B37*$B$7 | D37: =C37-$B$3
A38: Player C1 | B38: =COUNTIF($E$10:$E$27,A38) | C38: =B38*$B$7 | D38: =C38-$B$3
A39: Player C2 | B39: =COUNTIF($E$10:$E$27,A39) | C39: =B39*$B$7 | D39: =C39-$B$3
A40: Player C3 | B40: =COUNTIF($E$10:$E$27,A40) | C40: =B40*$B$7 | D40: =C40-$B$3
A41: Player C4 | B41: =COUNTIF($E$10:$E$27,A41) | C41: =B41*$B$7 | D41: =C41-$B$3
